Path;SteerAngle;Throttle;Brake;Speed;X_Position;Y_Position;Pitch;Yaw;Roll
C:\Users\rochester\Documents\UDAsity\Windows_Roversim\recorded\IMG\robocam_2017_10_08_23_51_08_371.jpg;0;0;1;0;99.66999;85.58897;0.000235871;56.82556;-2.291937E-07
C:\Users\rochester\Documents\UDAsity\Windows_Roversim\recorded\IMG\robocam_2017_10_08_23_51_08_431.jpg;0;0;0;0;99.66999;85.58897;0.0002360756;56.82556;-1.682639E-07
C:\Users\rochester\Documents\UDAsity\Windows_Roversim\recorded\IMG\robocam_2017_10_08_23_51_08_502.jpg;0;0;0;0;99.66999;85.58897;0.0002362497;56.82556;-5.048177E-09
C:\Users\rochester\Documents\UDAsity\Windows_Roversim\recorded\IMG\robocam_2017_10_08_23_51_08_568.jpg;0;0;0;0;99.66999;85.58897;0.0002361583;56.82556;3.017898E-07
C:\Users\rochester\Documents\UDAsity\Windows_Roversim\recorded\IMG\robocam_2017_10_08_23_51_08_635.jpg;0;0;0;0;99.66999;85.58897;0.000236204;56.82556;1.483708E-07
C:\Users\rochester\Documents\UDAsity\Windows_Roversim\recorded\IMG\robocam_2017_10_08_23_51_08_702.jpg;0;0;0;0;99.66999;85.58897;0.0002361735;56.82556;2.506501E-07
C:\Users\rochester\Documents\UDAsity\Windows_Roversim\recorded\IMG\robocam_2017_10_08_23_51_08_769.jpg;0;0;0;0;99.66999;85.58897;0.0002362192;56.82556;9.723114E-08
C:\Users\rochester\Documents\UDAsity\Windows_Roversim\recorded\IMG\robocam_2017_10_08_23_51_08_835.jpg;0;0;0;0;99.66999;85.58897;0.0002361735;56.82556;2.506501E-07
C:\Users\rochester\Documents\UDAsity\Windows_Roversim\recorded\IMG\robocam_2017_10_08_23_51_08_902.jpg;0;0;0;0;99.66999;85.58897;0.000236204;56.82556;1.483708E-07
C:\Users\rochester\Documents\UDAsity\Windows_Roversim\recorded\IMG\robocam_2017_10_08_23_51_08_969.jpg;0;0;0;0;99.66999;85.58897;0.000236204;56.82556;1.483708E-07
C:\Users\rochester\Documents\UDAsity\Windows_Roversim\recorded\IMG\robocam_2017_10_08_23_51_09_035.jpg;0;0;0;0;99.66999;85.58897;0.000236204;56.82556;1.483708E-07
C:\Users\rochester\Documents\UDAsity\Windows_Roversim\recorded\IMG\robocam_2017_10_08_23_51_09_103.jpg;0;0;0;0;99.66999;85.58897;0.0002362344;56.82556;4.609148E-08
C:\Users\rochester\Documents\UDAsity\Windows_Roversim\recorded\IMG\robocam_2017_10_08_23_51_09_169.jpg;0;0;0;0;99.66999;85.58897;0.0002361887;56.82556;1.995105E-07
C:\Users\rochester\Documents\UDAsity\Windows_Roversim\recorded\IMG\robocam_2017_10_08_23_51_09_235.jpg;0;0;0;0;99.66999;85.58897;0.0002362344;56.82556;4.609148E-08
C:\Users\rochester\Documents\UDAsity\Windows_Roversim\recorded\IMG\robocam_2017_10_08_23_51_09_302.jpg;0;0;0;0;99.66999;85.58897;0.0002361735;56.82556;2.506501E-07
C:\Users\rochester\Documents\UDAsity\Windows_Roversim\recorded\IMG\robocam_2017_10_08_23_51_09_369.jpg;0;0;0;0;99.66999;85.58897;0.0002361169;56.82556;6.676621E-08
C:\Users\rochester\Documents\UDAsity\Windows_Roversim\recorded\IMG\robocam_2017_10_08_23_51_09_435.jpg;0;0;0;0;99.66999;85.58897;0.0002360603;56.82556;-1.171242E-07
C:\Users\rochester\Documents\UDAsity\Windows_Roversim\recorded\IMG\robocam_2017_10_08_23_51_09_503.jpg;0;0;0;0;99.66999;85.58897;0.0002358862;56.82556;-2.803334E-07
C:\Users\rochester\Documents\UDAsity\Windows_Roversim\recorded\IMG\robocam_2017_10_08_23_51_09_569.jpg;0;0;0;0;99.66999;85.58897;0.0002359319;56.82556;-4.337589E-07
C:\Users\rochester\Documents\UDAsity\Windows_Roversim\recorded\IMG\robocam_2017_10_08_23_51_09_636.jpg;0;0;0;0;99.66999;85.58897;0.0002358862;56.82556;-2.803334E-07
C:\Users\rochester\Documents\UDAsity\Windows_Roversim\recorded\IMG\robocam_2017_10_08_23_51_09_702.jpg;0;0.2005212;0;0;99.67007;85.5891;0.003287146;56.86872;-2.212255E-05
C:\Users\rochester\Documents\UDAsity\Windows_Roversim\recorded\IMG\robocam_2017_10_08_23_51_09_769.jpg;0;0.4034317;0;0;99.67105;85.59061;0.04225861;56.9406;-0.0001271431
C:\Users\rochester\Documents\UDAsity\Windows_Roversim\recorded\IMG\robocam_2017_10_08_23_51_09_835.jpg;0;0.6012366;0;0.05623567;99.67349;85.59437;0.1359985;56.86524;6.900245E-06
C:\Users\rochester\Documents\UDAsity\Windows_Roversim\recorded\IMG\robocam_2017_10_08_23_51_09_902.jpg;0;0.8001005;0;0.08571803;99.67924;85.60317;0.3434813;56.99776;-0.0005835247
C:\Users\rochester\Documents\UDAsity\Windows_Roversim\recorded\IMG\robocam_2017_10_08_23_51_09_969.jpg;0;1;0;0.1119096;99.68555;85.61282;0.5440619;56.94827;-0.0006705893
C:\Users\rochester\Documents\UDAsity\Windows_Roversim\recorded\IMG\robocam_2017_10_08_23_51_10_036.jpg;0;1;0;0.183128;99.6937;85.62534;0.7729544;57.07443;-0.001228438
C:\Users\rochester\Documents\UDAsity\Windows_Roversim\recorded\IMG\robocam_2017_10_08_23_51_10_102.jpg;0;1;0;0.2355859;99.7077;85.64674;1.11683;57.04538;-0.001224571
C:\Users\rochester\Documents\UDAsity\Windows_Roversim\recorded\IMG\robocam_2017_10_08_23_51_10_169.jpg;0;1;0;0.2931384;99.7197;85.66511;1.32604;57.09495;-0.002668997
C:\Users\rochester\Documents\UDAsity\Windows_Roversim\recorded\IMG\robocam_2017_10_08_23_51_10_236.jpg;0;1;0;0.3457255;99.73067;85.68165;1.245812;57.08163;-0.002032435
C:\Users\rochester\Documents\UDAsity\Windows_Roversim\recorded\IMG\robocam_2017_10_08_23_51_10_303.jpg;0;1;0;0.4148692;99.74817;85.70849;1.110908;57.17426;-0.000549133
C:\Users\rochester\Documents\UDAsity\Windows_Roversim\recorded\IMG\robocam_2017_10_08_23_51_10_369.jpg;0;1;0;0.4636018;99.76351;85.73217;1.07739;57.31836;-0.0003794894
C:\Users\rochester\Documents\UDAsity\Windows_Roversim\recorded\IMG\robocam_2017_10_08_23_51_10_436.jpg;0;1;0;0.5179455;99.78112;85.75936;1.10749;57.291;-7.399864E-05
C:\Users\rochester\Documents\UDAsity\Windows_Roversim\recorded\IMG\robocam_2017_10_08_23_51_10_503.jpg;0;1;0;0.5865538;99.80744;85.79991;1.201538;57.07328;0.0001683905
C:\Users\rochester\Documents\UDAsity\Windows_Roversim\recorded\IMG\robocam_2017_10_08_23_51_10_569.jpg;0;1;0;0.6210703;99.82869;85.83271;1.246997;57.11706;-0.0004546087
C:\Users\rochester\Documents\UDAsity\Windows_Roversim\recorded\IMG\robocam_2017_10_08_23_51_10_635.jpg;0;0.8994967;0;0.6925565;99.85072;85.86642;1.213302;57.04026;-0.0004254881
C:\Users\rochester\Documents\UDAsity\Windows_Roversim\recorded\IMG\robocam_2017_10_08_23_51_10_702.jpg;0;0.7013382;0;0.7266548;99.88256;85.91513;1.169349;57.00685;0.0002577866
C:\Users\rochester\Documents\UDAsity\Windows_Roversim\recorded\IMG\robocam_2017_10_08_23_51_10_769.jpg;0;0.4998607;0;0.7689605;99.90807;85.95408;1.165651;56.9922;-0.0003408329
C:\Users\rochester\Documents\UDAsity\Windows_Roversim\recorded\IMG\robocam_2017_10_08_23_51_10_835.jpg;0;0.301651;0;0.7959993;99.93417;85.99392;1.158025;56.9916;-0.0002526885
C:\Users\rochester\Documents\UDAsity\Windows_Roversim\recorded\IMG\robocam_2017_10_08_23_51_10_902.jpg;0;0.3009176;0;0.8062585;99.96927;86.04752;1.121294;56.98658;-0.0002071064
C:\Users\rochester\Documents\UDAsity\Windows_Roversim\recorded\IMG\robocam_2017_10_08_23_51_10_969.jpg;0;0.5009138;0;0.8201911;99.99641;86.08897;1.100009;56.98713;-0.0003575836
C:\Users\rochester\Documents\UDAsity\Windows_Roversim\recorded\IMG\robocam_2017_10_08_23_51_11_036.jpg;0;0.7014116;0;0.8537483;100.0247;86.13213;1.097885;56.98332;-0.0003159542
C:\Users\rochester\Documents\UDAsity\Windows_Roversim\recorded\IMG\robocam_2017_10_08_23_51_11_102.jpg;0;0.9021792;0;0.8971023;100.0644;86.19287;1.13367;56.98094;-0.0004203524
C:\Users\rochester\Documents\UDAsity\Windows_Roversim\recorded\IMG\robocam_2017_10_08_23_51_11_169.jpg;0;1;0;0.927137;100.0961;86.24121;1.193437;56.9752;-0.0004015208
C:\Users\rochester\Documents\UDAsity\Windows_Roversim\recorded\IMG\robocam_2017_10_08_23_51_11_235.jpg;0;1;0;0.9952654;100.1296;86.29238;1.264163;56.96852;-0.000996463
C:\Users\rochester\Documents\UDAsity\Windows_Roversim\recorded\IMG\robocam_2017_10_08_23_51_11_302.jpg;0;1;0;1.048392;100.1756;86.36253;1.261278;56.97212;-0.001203365
C:\Users\rochester\Documents\UDAsity\Windows_Roversim\recorded\IMG\robocam_2017_10_08_23_51_11_369.jpg;0;1;0;1.084957;100.2116;86.41739;1.224536;56.96753;-0.0008887678
C:\Users\rochester\Documents\UDAsity\Windows_Roversim\recorded\IMG\robocam_2017_10_08_23_51_11_435.jpg;0;1;0;1.156334;100.2498;86.47558;1.225911;56.96545;-0.000642505
C:\Users\rochester\Documents\UDAsity\Windows_Roversim\recorded\IMG\robocam_2017_10_08_23_51_11_503.jpg;0;1;0;1.202724;100.303;86.55666;1.228678;56.95414;-0.0005487023
C:\Users\rochester\Documents\UDAsity\Windows_Roversim\recorded\IMG\robocam_2017_10_08_23_51_11_569.jpg;0;1;0;1.249959;100.3447;86.62025;1.23273;56.92501;-0.00080775
C:\Users\rochester\Documents\UDAsity\Windows_Roversim\recorded\IMG\robocam_2017_10_08_23_51_11_635.jpg;0;1;0;1.314533;100.388;86.68619;1.236811;56.90094;-0.0007899779
C:\Users\rochester\Documents\UDAsity\Windows_Roversim\recorded\IMG\robocam_2017_10_08_23_51_11_703.jpg;0;1;0;1.361551;100.4481;86.77774;1.240101;56.87603;-0.0009085745
C:\Users\rochester\Documents\UDAsity\Windows_Roversim\recorded\IMG\robocam_2017_10_08_23_51_11_769.jpg;0;1;0;1.408623;100.4951;86.84916;1.242827;56.85867;-0.000922933
C:\Users\rochester\Documents\UDAsity\Windows_Roversim\recorded\IMG\robocam_2017_10_08_23_51_11_835.jpg;0;1;0;1.470265;100.5437;86.923;1.248697;56.84086;-0.0009082039
C:\Users\rochester\Documents\UDAsity\Windows_Roversim\recorded\IMG\robocam_2017_10_08_23_51_11_902.jpg;0;1;0;1.517018;100.611;87.02504;1.255624;56.82485;-0.0009550951
C:\Users\rochester\Documents\UDAsity\Windows_Roversim\recorded\IMG\robocam_2017_10_08_23_51_11_969.jpg;0;1;0;1.563621;100.6632;87.10426;1.259942;56.81486;-0.0009588327
C:\Users\rochester\Documents\UDAsity\Windows_Roversim\recorded\IMG\robocam_2017_10_08_23_51_12_035.jpg;0;1;0;1.626375;100.717;87.18576;1.262694;56.80472;-0.001005082
C:\Users\rochester\Documents\UDAsity\Windows_Roversim\recorded\IMG\robocam_2017_10_08_23_51_12_102.jpg;0;1;0;1.671796;100.7911;87.29803;1.266867;56.78999;-0.001023818
C:\Users\rochester\Documents\UDAsity\Windows_Roversim\recorded\IMG\robocam_2017_10_08_23_51_12_169.jpg;0;1;0;1.718582;100.8485;87.38495;1.272842;56.77879;-0.001050588
C:\Users\rochester\Documents\UDAsity\Windows_Roversim\recorded\IMG\robocam_2017_10_08_23_51_12_235.jpg;0;1;0;1.779723;100.9074;87.47411;1.275278;56.76667;-0.001036231
C:\Users\rochester\Documents\UDAsity\Windows_Roversim\recorded\IMG\robocam_2017_10_08_23_51_12_302.jpg;0;1;0;1.824425;100.9883;87.59657;1.282684;56.75358;-0.001075838
C:\Users\rochester\Documents\UDAsity\Windows_Roversim\recorded\IMG\robocam_2017_10_08_23_51_12_369.jpg;0;1;0;1.870701;101.0508;87.69101;1.284532;56.74152;-0.001073276
C:\Users\rochester\Documents\UDAsity\Windows_Roversim\recorded\IMG\robocam_2017_10_08_23_51_12_436.jpg;0;1;0;1.930914;101.1148;87.78775;1.290054;56.73112;-0.001106291
C:\Users\rochester\Documents\UDAsity\Windows_Roversim\recorded\IMG\robocam_2017_10_08_23_51_12_503.jpg;0;1;0;1.975994;101.2025;87.92021;1.296218;56.71543;-0.001124547
C:\Users\rochester\Documents\UDAsity\Windows_Roversim\recorded\IMG\robocam_2017_10_08_23_51_12_569.jpg;0;1;0;2.020925;101.27;88.02213;1.298688;56.7043;-0.001131567
C:\Users\rochester\Documents\UDAsity\Windows_Roversim\recorded\IMG\robocam_2017_10_08_23_51_12_635.jpg;0;1;0;2.080502;101.339;88.12628;1.302291;56.69401;-0.001173068
C:\Users\rochester\Documents\UDAsity\Windows_Roversim\recorded\IMG\robocam_2017_10_08_23_51_12_702.jpg;0;1;0;2.125087;101.4333;88.26859;1.306148;56.67913;-0.001192845
C:\Users\rochester\Documents\UDAsity\Windows_Roversim\recorded\IMG\robocam_2017_10_08_23_51_12_769.jpg;0;1;0;2.16953;101.5059;88.37791;1.309862;56.66643;-0.001194181
C:\Users\rochester\Documents\UDAsity\Windows_Roversim\recorded\IMG\robocam_2017_10_08_23_51_12_835.jpg;0;0.8979024;0;2.228184;101.5798;88.48941;1.314142;56.65668;-0.001231599
C:\Users\rochester\Documents\UDAsity\Windows_Roversim\recorded\IMG\robocam_2017_10_08_23_51_12_902.jpg;0;0.7008381;0;2.264846;101.6802;88.64063;1.305839;56.64305;-0.0006568025
C:\Users\rochester\Documents\UDAsity\Windows_Roversim\recorded\IMG\robocam_2017_10_08_23_51_12_969.jpg;0;0.5003961;0;2.292535;101.7565;88.75546;1.298574;56.62954;-0.0006142611
C:\Users\rochester\Documents\UDAsity\Windows_Roversim\recorded\IMG\robocam_2017_10_08_23_51_13_034.jpg;0;0.3013943;0;2.313882;101.8332;88.87076;1.273786;56.61504;-0.0005697413
C:\Users\rochester\Documents\UDAsity\Windows_Roversim\recorded\IMG\robocam_2017_10_08_23_51_13_102.jpg;0;0.1008804;0;2.319229;101.9351;89.02409;1.191609;56.59573;-0.000452331
C:\Users\rochester\Documents\UDAsity\Windows_Roversim\recorded\IMG\robocam_2017_10_08_23_51_13_170.jpg;0;0;0;2.316133;102.011;89.13818;1.085334;56.58195;-0.0003586759
C:\Users\rochester\Documents\UDAsity\Windows_Roversim\recorded\IMG\robocam_2017_10_08_23_51_13_235.jpg;0;0.09979348;0;2.306836;102.0864;89.25146;0.9471154;56.56894;-0.0001973821
C:\Users\rochester\Documents\UDAsity\Windows_Roversim\recorded\IMG\robocam_2017_10_08_23_51_13_302.jpg;0;0.2996371;0;2.306738;102.1869;89.40238;0.7521194;56.55244;6.844119E-06
C:\Users\rochester\Documents\UDAsity\Windows_Roversim\recorded\IMG\robocam_2017_10_08_23_51_13_369.jpg;0;0.5002507;0;2.31501;102.2628;89.51649;0.6263731;56.54125;0.0005542923
C:\Users\rochester\Documents\UDAsity\Windows_Roversim\recorded\IMG\robocam_2017_10_08_23_51_13_436.jpg;0;0.6997452;0;2.3404;102.3397;89.63216;0.5378082;56.53124;0.00129287
C:\Users\rochester\Documents\UDAsity\Windows_Roversim\recorded\IMG\robocam_2017_10_08_23_51_13_503.jpg;0;0.5001714;0;2.364043;102.4439;89.78896;0.4761831;56.51916;-3.960846E-05
C:\Users\rochester\Documents\UDAsity\Windows_Roversim\recorded\IMG\robocam_2017_10_08_23_51_13_569.jpg;0;0.3001972;0;2.380266;102.5228;89.90765;0.4484813;56.51218;-0.0001495217
C:\Users\rochester\Documents\UDAsity\Windows_Roversim\recorded\IMG\robocam_2017_10_08_23_51_13_635.jpg;0;0.09936067;0;2.387295;102.6017;90.02651;0.4166106;56.50623;-0.000163502
C:\Users\rochester\Documents\UDAsity\Windows_Roversim\recorded\IMG\robocam_2017_10_08_23_51_13_702.jpg;0;0;0;2.38239;102.7064;90.18418;0.3453951;56.4993;-4.95131E-05
C:\Users\rochester\Documents\UDAsity\Windows_Roversim\recorded\IMG\robocam_2017_10_08_23_51_13_768.jpg;0;0;0;2.37465;102.7844;90.30167;0.2710122;56.49489;0.001122651
C:\Users\rochester\Documents\UDAsity\Windows_Roversim\recorded\IMG\robocam_2017_10_08_23_51_13_835.jpg;0;0;0;2.364308;102.8619;90.41864;0.1842288;56.49249;0.006147258
C:\Users\rochester\Documents\UDAsity\Windows_Roversim\recorded\IMG\robocam_2017_10_08_23_51_13_903.jpg;0;0;0;2.356528;102.9647;90.57385;0.05571364;56.49217;0.01773205
C:\Users\rochester\Documents\UDAsity\Windows_Roversim\recorded\IMG\robocam_2017_10_08_23_51_13_969.jpg;0;0;0;2.348724;103.0414;90.68969;359.9512;56.49221;0.0256746
C:\Users\rochester\Documents\UDAsity\Windows_Roversim\recorded\IMG\robocam_2017_10_08_23_51_14_035.jpg;1.537536;0;0;2.338119;103.118;90.80531;359.8596;56.51683;0.02038719
C:\Users\rochester\Documents\UDAsity\Windows_Roversim\recorded\IMG\robocam_2017_10_08_23_51_14_102.jpg;4.510353;0;0;2.329388;103.2171;90.96088;359.757;56.99714;0.07037063
C:\Users\rochester\Documents\UDAsity\Windows_Roversim\recorded\IMG\robocam_2017_10_08_23_51_14_169.jpg;7.524947;0;0;2.319625;103.2881;91.07914;359.6987;57.75883;0.1664286
C:\Users\rochester\Documents\UDAsity\Windows_Roversim\recorded\IMG\robocam_2017_10_08_23_51_14_235.jpg;10.50553;0;0;2.30467;103.3558;91.19905;359.6657;58.85399;0.3115622
C:\Users\rochester\Documents\UDAsity\Windows_Roversim\recorded\IMG\robocam_2017_10_08_23_51_14_303.jpg;13.51003;0;0;2.29128;103.439;91.36189;359.6567;60.86187;0.6055101
C:\Users\rochester\Documents\UDAsity\Windows_Roversim\recorded\IMG\robocam_2017_10_08_23_51_14_368.jpg;15;0;0;2.276225;103.4959;91.48607;359.6851;62.66526;0.8811775
C:\Users\rochester\Documents\UDAsity\Windows_Roversim\recorded\IMG\robocam_2017_10_08_23_51_14_436.jpg;15;0;0;2.259943;103.5508;91.61233;359.8298;64.4299;1.07798
C:\Users\rochester\Documents\UDAsity\Windows_Roversim\recorded\IMG\robocam_2017_10_08_23_51_14_502.jpg;15;0;0;2.244728;103.6182;91.78247;0.07578935;66.83608;1.21846
C:\Users\rochester\Documents\UDAsity\Windows_Roversim\recorded\IMG\robocam_2017_10_08_23_51_14_569.jpg;15;0;0;2.233954;103.6641;91.90649;0.02276401;68.69638;1.125078
C:\Users\rochester\Documents\UDAsity\Windows_Roversim\recorded\IMG\robocam_2017_10_08_23_51_14_636.jpg;15;0;0;2.222041;103.7023;92.03109;359.8903;70.51036;1.065917
C:\Users\rochester\Documents\UDAsity\Windows_Roversim\recorded\IMG\robocam_2017_10_08_23_51_14_703.jpg;15;0;0;2.212105;103.7471;92.20039;359.8397;72.86456;1.017381
C:\Users\rochester\Documents\UDAsity\Windows_Roversim\recorded\IMG\robocam_2017_10_08_23_51_14_769.jpg;15;0;0;2.2011;103.7759;92.32908;359.8744;74.65543;1.001525
C:\Users\rochester\Documents\UDAsity\Windows_Roversim\recorded\IMG\robocam_2017_10_08_23_51_14_837.jpg;15;0;0;2.187112;103.8001;92.45847;359.9285;76.48151;1.034623
C:\Users\rochester\Documents\UDAsity\Windows_Roversim\recorded\IMG\robocam_2017_10_08_23_51_14_903.jpg;15;0;0;2.176902;103.8257;92.6314;0.01494251;78.95223;1.122686
C:\Users\rochester\Documents\UDAsity\Windows_Roversim\recorded\IMG\robocam_2017_10_08_23_51_14_970.jpg;15;0;0;2.166867;103.8407;92.75951;-0.000341903;80.78441;1.151775
C:\Users\rochester\Documents\UDAsity\Windows_Roversim\recorded\IMG\robocam_2017_10_08_23_51_15_037.jpg;15;0;0;2.154432;103.852;92.88745;359.987;82.58658;1.140233
C:\Users\rochester\Documents\UDAsity\Windows_Roversim\recorded\IMG\robocam_2017_10_08_23_51_15_102.jpg;15;0;0.1989431;2.134948;103.8601;93.0554;359.9304;84.95475;1.102745
C:\Users\rochester\Documents\UDAsity\Windows_Roversim\recorded\IMG\robocam_2017_10_08_23_51_15_169.jpg;13.44966;0;0.4015778;2.080663;103.862;93.17638;359.8353;86.59578;1.049721
C:\Users\rochester\Documents\UDAsity\Windows_Roversim\recorded\IMG\robocam_2017_10_08_23_51_15_236.jpg;10.46936;0;0.6002642;1.956014;103.8621;93.29045;359.6621;87.95837;0.9388754
C:\Users\rochester\Documents\UDAsity\Windows_Roversim\recorded\IMG\robocam_2017_10_08_23_51_15_303.jpg;7.493862;0;0.7986309;1.832755;103.8618;93.42727;359.2693;89.20805;0.6135654
C:\Users\rochester\Documents\UDAsity\Windows_Roversim\recorded\IMG\robocam_2017_10_08_23_51_15_369.jpg;4.488574;0;0.9989834;1.683468;103.8614;93.51823;358.8987;89.96545;0.223809
C:\Users\rochester\Documents\UDAsity\Windows_Roversim\recorded\IMG\robocam_2017_10_08_23_51_15_436.jpg;1.46716;0;1;1.459256;103.8591;93.59948;358.5038;90.43069;359.838
C:\Users\rochester\Documents\UDAsity\Windows_Roversim\recorded\IMG\robocam_2017_10_08_23_51_15_503.jpg;0;0;1;1.347909;103.8505;93.70078;358.2412;91.18625;359.6876
C:\Users\rochester\Documents\UDAsity\Windows_Roversim\recorded\IMG\robocam_2017_10_08_23_51_15_569.jpg;0;0;1;1.24229;103.842;93.77251;358.252;92.02484;359.7797
C:\Users\rochester\Documents\UDAsity\Windows_Roversim\recorded\IMG\robocam_2017_10_08_23_51_15_636.jpg;0;0;1;1.08416;103.831;93.84054;358.4768;93.09583;0.06882299
C:\Users\rochester\Documents\UDAsity\Windows_Roversim\recorded\IMG\robocam_2017_10_08_23_51_15_703.jpg;0;0;1;0.9641008;103.8227;93.92258;358.9697;94.26895;0.163023
C:\Users\rochester\Documents\UDAsity\Windows_Roversim\recorded\IMG\robocam_2017_10_08_23_51_15_770.jpg;1.980704;0;1;0.7467844;103.8204;93.96017;358.9012;94.36157;0.06230475
C:\Users\rochester\Documents\UDAsity\Windows_Roversim\recorded\IMG\robocam_2017_10_08_23_51_15_836.jpg;0;0;1;0.3542682;103.8197;93.97088;358.3379;94.37225;359.9741
C:\Users\rochester\Documents\UDAsity\Windows_Roversim\recorded\IMG\robocam_2017_10_08_23_51_15_903.jpg;0;0;0;0.1543359;103.8194;93.97122;357.7426;94.2243;0.05172937
C:\Users\rochester\Documents\UDAsity\Windows_Roversim\recorded\IMG\robocam_2017_10_08_23_51_15_969.jpg;0;0;0;0.08274532;103.8195;93.97136;357.5914;94.21823;0.0393895
C:\Users\rochester\Documents\UDAsity\Windows_Roversim\recorded\IMG\robocam_2017_10_08_23_51_16_035.jpg;0;0;0;-0.03462614;103.8195;93.9715;357.7534;94.23108;359.9788
C:\Users\rochester\Documents\UDAsity\Windows_Roversim\recorded\IMG\robocam_2017_10_08_23_51_16_103.jpg;0;0;0;-0.1234791;103.8194;93.97155;358.3827;94.23691;359.9932
C:\Users\rochester\Documents\UDAsity\Windows_Roversim\recorded\IMG\robocam_2017_10_08_23_51_16_170.jpg;0;0;0;-0.2037222;103.8194;93.9714;359.1064;94.23871;0.006779404
C:\Users\rochester\Documents\UDAsity\Windows_Roversim\recorded\IMG\robocam_2017_10_08_23_51_16_235.jpg;0;0;0;-0.2089632;103.8195;93.97111;359.8073;94.23868;0.01069149
C:\Users\rochester\Documents\UDAsity\Windows_Roversim\recorded\IMG\robocam_2017_10_08_23_51_16_303.jpg;0;0;0;-0.1943941;103.8195;93.97079;0.654957;94.23795;0.002764531
C:\Users\rochester\Documents\UDAsity\Windows_Roversim\recorded\IMG\robocam_2017_10_08_23_51_16_370.jpg;-1.497122;0;0;-0.1634011;103.8195;93.97061;1.172475;94.05914;359.973
C:\Users\rochester\Documents\UDAsity\Windows_Roversim\recorded\IMG\robocam_2017_10_08_23_51_16_436.jpg;-4.525708;0;0;-0.1172868;103.8194;93.97044;1.518286;93.4249;359.9923
C:\Users\rochester\Documents\UDAsity\Windows_Roversim\recorded\IMG\robocam_2017_10_08_23_51_16_503.jpg;-7.502221;0;0;-0.01718809;103.8203;93.97017;1.523288;91.83212;359.991
C:\Users\rochester\Documents\UDAsity\Windows_Roversim\recorded\IMG\robocam_2017_10_08_23_51_16_570.jpg;-10.52581;0;0;0.05485872;103.8205;93.97012;1.242559;90.03387;359.9857
C:\Users\rochester\Documents\UDAsity\Windows_Roversim\recorded\IMG\robocam_2017_10_08_23_51_16_636.jpg;-13.52441;0;0;0.1056045;103.8205;93.97023;0.8917462;87.78298;359.967
C:\Users\rochester\Documents\UDAsity\Windows_Roversim\recorded\IMG\robocam_2017_10_08_23_51_16_703.jpg;-15;0;0;0.1034055;103.8205;93.97041;0.445366;84.18301;359.9093
C:\Users\rochester\Documents\UDAsity\Windows_Roversim\recorded\IMG\robocam_2017_10_08_23_51_16_769.jpg;-15;0;0;0.09913094;103.8204;93.97053;0.1351606;81.48279;359.8387
C:\Users\rochester\Documents\UDAsity\Windows_Roversim\recorded\IMG\robocam_2017_10_08_23_51_16_837.jpg;-15;0;0;0.09085064;103.8204;93.97064;359.8525;78.78221;359.7508
C:\Users\rochester\Documents\UDAsity\Windows_Roversim\recorded\IMG\robocam_2017_10_08_23_51_16_902.jpg;-15;0.09721508;0;0.08306675;103.8203;93.97153;359.5389;76.96574;359.6489
C:\Users\rochester\Documents\UDAsity\Windows_Roversim\recorded\IMG\robocam_2017_10_08_23_51_16_969.jpg;-12.00347;0.2969839;0;0.09202221;103.8208;93.97403;359.3888;76.94125;359.6084
C:\Users\rochester\Documents\UDAsity\Windows_Roversim\recorded\IMG\robocam_2017_10_08_23_51_17_035.jpg;-9.011093;0.4964755;0;0.09819098;103.822;93.97874;359.3268;76.81342;359.5913
C:\Users\rochester\Documents\UDAsity\Windows_Roversim\recorded\IMG\robocam_2017_10_08_23_51_17_103.jpg;-6.012559;0.6963778;0;0.1466575;103.8253;93.99067;359.399;76.80103;359.5795
C:\Users\rochester\Documents\UDAsity\Windows_Roversim\recorded\IMG\robocam_2017_10_08_23_51_17_169.jpg;-3.010043;0.8965455;0;0.1474595;103.8284;94.00266;359.5284;76.81483;359.5824
C:\Users\rochester\Documents\UDAsity\Windows_Roversim\recorded\IMG\robocam_2017_10_08_23_51_17_233.jpg;-0.001696274;1;0;0.2289307;103.8326;94.01993;359.7734;76.96732;359.5984
C:\Users\rochester\Documents\UDAsity\Windows_Roversim\recorded\IMG\robocam_2017_10_08_23_51_17_299.jpg;0;1;0;0.2677588;103.8375;94.04118;0.09275933;77.04032;359.6235
C:\Users\rochester\Documents\UDAsity\Windows_Roversim\recorded\IMG\robocam_2017_10_08_23_51_17_366.jpg;0;1;0;0.316317;103.845;94.07512;0.5935984;77.11;359.6776
C:\Users\rochester\Documents\UDAsity\Windows_Roversim\recorded\IMG\robocam_2017_10_08_23_51_17_432.jpg;0;1;0;0.3727888;103.8513;94.10433;0.9729564;77.12135;359.7648
C:\Users\rochester\Documents\UDAsity\Windows_Roversim\recorded\IMG\robocam_2017_10_08_23_51_17_503.jpg;0;1;0;0.4233365;103.8591;94.14396;1.295693;77.01951;0.01983614
C:\Users\rochester\Documents\UDAsity\Windows_Roversim\recorded\IMG\robocam_2017_10_08_23_51_17_569.jpg;0;1;0;0.5008874;103.8673;94.17323;1.282552;76.93517;0.09075913
C:\Users\rochester\Documents\UDAsity\Windows_Roversim\recorded\IMG\robocam_2017_10_08_23_51_17_635.jpg;0;1;0;0.5727576;103.8754;94.20318;1.115249;76.82857;0.05025623
C:\Users\rochester\Documents\UDAsity\Windows_Roversim\recorded\IMG\robocam_2017_10_08_23_51_17_702.jpg;-1.526008;1;0;0.6226956;103.8866;94.24967;0.9967463;76.89784;7.506339E-05
C:\Users\rochester\Documents\UDAsity\Windows_Roversim\recorded\IMG\robocam_2017_10_08_23_51_17_769.jpg;-4.489563;1;0;0.6777422;103.8968;94.28941;0.9943942;76.63153;359.9731
C:\Users\rochester\Documents\UDAsity\Windows_Roversim\recorded\IMG\robocam_2017_10_08_23_51_17_835.jpg;-7.5031;1;0;0.7236778;103.9089;94.33237;1.039203;76.34401;359.9392
C:\Users\rochester\Documents\UDAsity\Windows_Roversim\recorded\IMG\robocam_2017_10_08_23_51_17_903.jpg;-10.48547;1;0;0.7777894;103.9279;94.39373;1.133437;75.85206;359.8936
C:\Users\rochester\Documents\UDAsity\Windows_Roversim\recorded\IMG\robocam_2017_10_08_23_51_17_968.jpg;-13.50054;1;0;0.8136065;103.9443;94.44162;1.167062;75.23643;359.9012
C:\Users\rochester\Documents\UDAsity\Windows_Roversim\recorded\IMG\robocam_2017_10_08_23_51_18_035.jpg;-13.47285;1;0;0.8760633;103.9626;94.49144;1.171167;74.38522;359.946
C:\Users\rochester\Documents\UDAsity\Windows_Roversim\recorded\IMG\robocam_2017_10_08_23_51_18_102.jpg;-10.4836;1;0;0.9347114;103.9894;94.56241;1.202971;73.35757;0.006176332
C:\Users\rochester\Documents\UDAsity\Windows_Roversim\recorded\IMG\robocam_2017_10_08_23_51_18_169.jpg;-7.478175;1;0;0.983207;104.011;94.61929;1.246183;72.73579;0.003461496
C:\Users\rochester\Documents\UDAsity\Windows_Roversim\recorded\IMG\robocam_2017_10_08_23_51_18_235.jpg;-4.479509;1;0;1.048941;104.0328;94.67884;1.266382;72.30422;0.001973767
C:\Users\rochester\Documents\UDAsity\Windows_Roversim\recorded\IMG\robocam_2017_10_08_23_51_18_302.jpg;-1.452792;1;0;1.096831;104.0618;94.76183;1.238816;72.08833;-0.0002424483
C:\Users\rochester\Documents\UDAsity\Windows_Roversim\recorded\IMG\robocam_2017_10_08_23_51_18_369.jpg;-4.421055;1;0;1.143134;104.085;94.82721;1.220998;71.83291;0.000992417
C:\Users\rochester\Documents\UDAsity\Windows_Roversim\recorded\IMG\robocam_2017_10_08_23_51_18_436.jpg;-7.439675;1;0;1.207348;104.1103;94.895;1.221441;71.33057;0.001962471
C:\Users\rochester\Documents\UDAsity\Windows_Roversim\recorded\IMG\robocam_2017_10_08_23_51_18_502.jpg;-7.438642;1;0;1.253012;104.1478;94.98859;1.220147;70.43356;0.002504352
C:\Users\rochester\Documents\UDAsity\Windows_Roversim\recorded\IMG\robocam_2017_10_08_23_51_18_568.jpg;-4.449369;1;0;1.301672;104.1772;95.06209;1.232822;69.91698;0.002263971
C:\Users\rochester\Documents\UDAsity\Windows_Roversim\recorded\IMG\robocam_2017_10_08_23_51_18_635.jpg;-1.446545;1;0;1.360994;104.2072;95.13825;1.242008;69.59814;0.001189293
C:\Users\rochester\Documents\UDAsity\Windows_Roversim\recorded\IMG\robocam_2017_10_08_23_51_18_703.jpg;-4.430582;1;0;1.407817;104.2495;95.24339;1.240978;69.14926;0.001145833
C:\Users\rochester\Documents\UDAsity\Windows_Roversim\recorded\IMG\robocam_2017_10_08_23_51_18_769.jpg;-7.354558;1;0;1.454353;104.2843;95.32458;1.243372;68.54706;0.002038598
C:\Users\rochester\Documents\UDAsity\Windows_Roversim\recorded\IMG\robocam_2017_10_08_23_51_18_835.jpg;-10.45104;1;0;1.516242;104.3221;95.40727;1.241368;67.68404;359.9927
C:\Users\rochester\Documents\UDAsity\Windows_Roversim\recorded\IMG\robocam_2017_10_08_23_51_18_903.jpg;-13.44284;1;0;1.558882;104.3786;95.51891;1.225563;66.06396;359.9447
C:\Users\rochester\Documents\UDAsity\Windows_Roversim\recorded\IMG\robocam_2017_10_08_23_51_18_969.jpg;-15;1;0;1.601088;104.4252;95.60293;1.172279;64.56889;359.9026
C:\Users\rochester\Documents\UDAsity\Windows_Roversim\recorded\IMG\robocam_2017_10_08_23_51_19_034.jpg;-15;1;0;1.659922;104.4755;95.68764;1.107108;63.00736;359.8486
C:\Users\rochester\Documents\UDAsity\Windows_Roversim\recorded\IMG\robocam_2017_10_08_23_51_19_102.jpg;-15;1;0;1.703816;104.5482;95.80177;1.013572;60.8782;359.7604
C:\Users\rochester\Documents\UDAsity\Windows_Roversim\recorded\IMG\robocam_2017_10_08_23_51_19_169.jpg;-15;1;0;1.74698;104.6069;95.88797;0.9336752;59.25076;359.6892
C:\Users\rochester\Documents\UDAsity\Windows_Roversim\recorded\IMG\robocam_2017_10_08_23_51_19_236.jpg;-15;1;0;1.805328;104.6694;95.97446;0.8444538;57.59652;359.6146
C:\Users\rochester\Documents\UDAsity\Windows_Roversim\recorded\IMG\robocam_2017_10_08_23_51_19_304.jpg;-15;1;0;1.847701;104.7589;96.09002;0.7211737;55.35177;359.5027
C:\Users\rochester\Documents\UDAsity\Windows_Roversim\recorded\IMG\robocam_2017_10_08_23_51_19_369.jpg;-12.02538;1;0;1.891387;104.8298;96.17774;0.6366612;53.8336;359.4361
C:\Users\rochester\Documents\UDAsity\Windows_Roversim\recorded\IMG\robocam_2017_10_08_23_51_19_435.jpg;-9.015097;1;0;1.95226;104.9037;96.26711;0.5785;52.56664;359.3893
C:\Users\rochester\Documents\UDAsity\Windows_Roversim\recorded\IMG\robocam_2017_10_08_23_51_19_502.jpg;-6.025296;1;0;1.997498;105.0059;96.38966;0.5440409;51.34773;359.3833
C:\Users\rochester\Documents\UDAsity\Windows_Roversim\recorded\IMG\robocam_2017_10_08_23_51_19_569.jpg;-3.008854;0.898995;0;2.042108;105.0849;96.48447;0.5550832;50.79592;359.4237
C:\Users\rochester\Documents\UDAsity\Windows_Roversim\recorded\IMG\robocam_2017_10_08_23_51_19_636.jpg;-5.992208;0.7001048;0;2.091326;105.167;96.58022;0.598446;50.23756;359.4481
C:\Users\rochester\Documents\UDAsity\Windows_Roversim\recorded\IMG\robocam_2017_10_08_23_51_19_702.jpg;-8.985287;0.5005662;0;2.115142;105.2813;96.70575;0.6288658;49.00275;359.4352
C:\Users\rochester\Documents\UDAsity\Windows_Roversim\recorded\IMG\robocam_2017_10_08_23_51_19_769.jpg;-11.99163;0.3001433;0;2.130623;105.3701;96.79655;0.5870648;47.68749;359.3917
C:\Users\rochester\Documents\UDAsity\Windows_Roversim\recorded\IMG\robocam_2017_10_08_23_51_19_835.jpg;-14.98684;0.1004625;0;2.13491;105.4616;96.88296;0.471521;46.07025;359.3015
C:\Users\rochester\Documents\UDAsity\Windows_Roversim\recorded\IMG\robocam_2017_10_08_23_51_19_903.jpg;-15;0;0;2.126957;105.5864;96.99124;0.2168788;43.69735;359.1118
C:\Users\rochester\Documents\UDAsity\Windows_Roversim\recorded\IMG\robocam_2017_10_08_23_51_19_969.jpg;-15;0;0;2.118035;105.682;97.06792;359.985;41.9258;358.9193
C:\Users\rochester\Documents\UDAsity\Windows_Roversim\recorded\IMG\robocam_2017_10_08_23_51_20_035.jpg;-15;0;0;2.106251;105.7795;97.14415;359.8665;40.25612;358.8157
C:\Users\rochester\Documents\UDAsity\Windows_Roversim\recorded\IMG\robocam_2017_10_08_23_51_20_102.jpg;-15;0;0;2.095533;105.9139;97.24426;359.925;38.09727;358.8748
C:\Users\rochester\Documents\UDAsity\Windows_Roversim\recorded\IMG\robocam_2017_10_08_23_51_20_169.jpg;-15;0;0;2.081336;106.0185;97.31397;0.0218768;36.36884;358.9038
C:\Users\rochester\Documents\UDAsity\Windows_Roversim\recorded\IMG\robocam_2017_10_08_23_51_20_235.jpg;-15;0;0;2.067442;106.1234;97.37846;0.00742543;34.57969;358.9094
C:\Users\rochester\Documents\UDAsity\Windows_Roversim\recorded\IMG\robocam_2017_10_08_23_51_20_302.jpg;-15;0;0;2.059265;106.2656;97.45893;359.9792;32.21983;358.9042
C:\Users\rochester\Documents\UDAsity\Windows_Roversim\recorded\IMG\robocam_2017_10_08_23_51_20_369.jpg;-15;0;0;2.050384;106.3742;97.51546;359.9904;30.47115;358.8995
C:\Users\rochester\Documents\UDAsity\Windows_Roversim\recorded\IMG\robocam_2017_10_08_23_51_20_435.jpg;-15;0;0;2.037669;106.4839;97.56836;359.993;28.71547;358.8819
C:\Users\rochester\Documents\UDAsity\Windows_Roversim\recorded\IMG\robocam_2017_10_08_23_51_20_503.jpg;-15;0;0;2.029402;106.6316;97.63342;359.9939;26.39106;358.8841
C:\Users\rochester\Documents\UDAsity\Windows_Roversim\recorded\IMG\robocam_2017_10_08_23_51_20_569.jpg;-15;0;0;2.019591;106.7433;97.67809;359.9892;24.65545;358.8954
C:\Users\rochester\Documents\UDAsity\Windows_Roversim\recorded\IMG\robocam_2017_10_08_23_51_20_635.jpg;-15;0;0;2.007896;106.8561;97.7188;359.987;22.92451;358.8941
C:\Users\rochester\Documents\UDAsity\Windows_Roversim\recorded\IMG\robocam_2017_10_08_23_51_20_698.jpg;-15;0.09441228;0;1.998977;106.9699;97.75594;0.006539906;21.18684;358.8829
C:\Users\rochester\Documents\UDAsity\Windows_Roversim\recorded\IMG\robocam_2017_10_08_23_51_20_765.jpg;-15;0.2905408;0;1.997245;107.1227;97.80051;0.01233057;18.88583;358.8983
C:\Users\rochester\Documents\UDAsity\Windows_Roversim\recorded\IMG\robocam_2017_10_08_23_51_20_832.jpg;-13.5009;0.4910767;0;2.002951;107.2389;97.83015;0.01082505;17.21011;358.9121
C:\Users\rochester\Documents\UDAsity\Windows_Roversim\recorded\IMG\robocam_2017_10_08_23_51_20_898.jpg;-10.49532;0.6914483;0;2.029914;107.3569;97.85811;0.009782859;15.75052;358.9517
C:\Users\rochester\Documents\UDAsity\Windows_Roversim\recorded\IMG\robocam_2017_10_08_23_51_20_965.jpg;-7.499429;0.8911746;0;2.06227;107.519;97.89413;0.06926779;14.25562;359.0072
C:\Users\rochester\Documents\UDAsity\Windows_Roversim\recorded\IMG\robocam_2017_10_08_23_51_21_032.jpg;-4.50712;1;0;2.10085;107.6442;97.92184;0.1611747;13.50166;359.088
C:\Users\rochester\Documents\UDAsity\Windows_Roversim\recorded\IMG\robocam_2017_10_08_23_51_21_098.jpg;-1.49532;1;0;2.159695;107.7728;97.95055;0.2947573;13.05947;359.2054
C:\Users\rochester\Documents\UDAsity\Windows_Roversim\recorded\IMG\robocam_2017_10_08_23_51_21_165.jpg;0;1;0;2.202068;107.9491;97.9914;0.5445265;12.95358;359.4135
C:\Users\rochester\Documents\UDAsity\Windows_Roversim\recorded\IMG\robocam_2017_10_08_23_51_21_232.jpg;0;1;0;2.244707;108.0848;98.02305;0.7617136;12.96066;359.5911
C:\Users\rochester\Documents\UDAsity\Windows_Roversim\recorded\IMG\robocam_2017_10_08_23_51_21_302.jpg;0;1;0;2.301657;108.27;98.06632;1.075947;12.98444;359.8423
C:\Users\rochester\Documents\UDAsity\Windows_Roversim\recorded\IMG\robocam_2017_10_08_23_51_21_369.jpg;0;1;0;2.344452;108.412;98.09901;1.317941;12.98837;0.0002006899
C:\Users\rochester\Documents\UDAsity\Windows_Roversim\recorded\IMG\robocam_2017_10_08_23_51_21_436.jpg;0;1;0;2.400585;108.5541;98.1294;1.39379;12.973;-0.0009769528
C:\Users\rochester\Documents\UDAsity\Windows_Roversim\recorded\IMG\robocam_2017_10_08_23_51_21_503.jpg;0;1;0;2.452314;108.7448;98.17178;1.304051;12.98612;-0.0004166427
C:\Users\rochester\Documents\UDAsity\Windows_Roversim\recorded\IMG\robocam_2017_10_08_23_51_21_569.jpg;0;1;0;2.496076;108.8914;98.20477;1.281034;12.97011;-0.0006011001
C:\Users\rochester\Documents\UDAsity\Windows_Roversim\recorded\IMG\robocam_2017_10_08_23_51_21_635.jpg;-2.985379;1;0;2.551896;109.0412;98.23771;1.293263;12.79646;-8.534575E-05
C:\Users\rochester\Documents\UDAsity\Windows_Roversim\recorded\IMG\robocam_2017_10_08_23_51_21_702.jpg;-5.980811;1;0;2.592965;109.2458;98.27921;1.333325;12.02677;0.0009673206
C:\Users\rochester\Documents\UDAsity\Windows_Roversim\recorded\IMG\robocam_2017_10_08_23_51_21_769.jpg;-8.981282;1;0;2.632836;109.4022;98.30676;1.332431;11.00428;359.9727
C:\Users\rochester\Documents\UDAsity\Windows_Roversim\recorded\IMG\robocam_2017_10_08_23_51_21_835.jpg;-8.985352;1;0;2.685904;109.5608;98.33061;1.28584;9.660385;359.925
C:\Users\rochester\Documents\UDAsity\Windows_Roversim\recorded\IMG\robocam_2017_10_08_23_51_21_902.jpg;-6.001096;1;0;2.729909;109.7761;98.35996;1.184323;8.182816;359.8849
C:\Users\rochester\Documents\UDAsity\Windows_Roversim\recorded\IMG\robocam_2017_10_08_23_51_21_968.jpg;-3.000428;1;0;2.772445;109.9411;98.38107;1.13347;7.495522;359.8524
C:\Users\rochester\Documents\UDAsity\Windows_Roversim\recorded\IMG\robocam_2017_10_08_23_51_22_034.jpg;-5.996828;1;0;2.827257;110.1092;98.40041;1.108235;6.855621;359.7975
C:\Users\rochester\Documents\UDAsity\Windows_Roversim\recorded\IMG\robocam_2017_10_08_23_51_22_102.jpg;-8.983768;1;0;2.866387;110.3368;98.42052;1.029775;5.473228;359.7023
C:\Users\rochester\Documents\UDAsity\Windows_Roversim\recorded\IMG\robocam_2017_10_08_23_51_22_169.jpg;-12.00309;1;0;2.904938;110.5095;98.42954;0.9170294;3.970306;359.5969
C:\Users\rochester\Documents\UDAsity\Windows_Roversim\recorded\IMG\robocam_2017_10_08_23_51_22_235.jpg;-14.9985;1;0;2.953464;110.6835;98.43201;0.7444023;2.075356;359.4503
C:\Users\rochester\Documents\UDAsity\Windows_Roversim\recorded\IMG\robocam_2017_10_08_23_51_22_302.jpg;-15;1;0;2.987976;110.9171;98.42484;0.4339425;359.2134;359.1931
C:\Users\rochester\Documents\UDAsity\Windows_Roversim\recorded\IMG\robocam_2017_10_08_23_51_22_368.jpg;-15;1;0;3.02391;111.0935;98.41171;0.1604011;357.0297;358.96
C:\Users\rochester\Documents\UDAsity\Windows_Roversim\recorded\IMG\robocam_2017_10_08_23_51_22_435.jpg;-15;1;0;3.069997;111.2717;98.39299;359.9098;354.9156;358.7581
C:\Users\rochester\Documents\UDAsity\Windows_Roversim\recorded\IMG\robocam_2017_10_08_23_51_22_502.jpg;-15;1;0;3.097052;111.5171;98.36091;359.9471;352.4035;358.7121
C:\Users\rochester\Documents\UDAsity\Windows_Roversim\recorded\IMG\robocam_2017_10_08_23_51_22_568.jpg;-12.0008;1;0;3.115162;111.7038;98.33009;0.04227434;350.5336;358.8036
C:\Users\rochester\Documents\UDAsity\Windows_Roversim\recorded\IMG\robocam_2017_10_08_23_51_22_635.jpg;-8.991688;1;0;3.183969;111.8901;98.29334;0.02562042;348.7936;358.9529
C:\Users\rochester\Documents\UDAsity\Windows_Roversim\recorded\IMG\robocam_2017_10_08_23_51_22_702.jpg;-6.008752;1;0;3.225266;112.1419;98.23412;0.06141425;347.1285;359.0069
C:\Users\rochester\Documents\UDAsity\Windows_Roversim\recorded\IMG\robocam_2017_10_08_23_51_22_769.jpg;-2.957571;1;0;3.264135;112.3338;98.18696;0.1287411;346.3572;359.0525
C:\Users\rochester\Documents\UDAsity\Windows_Roversim\recorded\IMG\robocam_2017_10_08_23_51_22_835.jpg;0;1;0;3.316762;112.5284;98.13895;0.2200401;345.9817;359.138
C:\Users\rochester\Documents\UDAsity\Windows_Roversim\recorded\IMG\robocam_2017_10_08_23_51_22_902.jpg;3.01389;1;0;3.355877;112.7932;98.07552;0.4051022;346.1462;359.3225
C:\Users\rochester\Documents\UDAsity\Windows_Roversim\recorded\IMG\robocam_2017_10_08_23_51_22_968.jpg;6.009169;1;0;3.393237;112.996;98.03046;0.5931482;346.7792;359.5361
C:\Users\rochester\Documents\UDAsity\Windows_Roversim\recorded\IMG\robocam_2017_10_08_23_51_23_035.jpg;3.00498;1;0;3.442628;113.202;97.98672;0.819142;347.5009;359.7807
C:\Users\rochester\Documents\UDAsity\Windows_Roversim\recorded\IMG\robocam_2017_10_08_23_51_23_102.jpg;3.04491;0.7992265;0;3.478512;113.48;97.92799;1.131093;348.1066;0.0632966
C:\Users\rochester\Documents\UDAsity\Windows_Roversim\recorded\IMG\robocam_2017_10_08_23_51_23_168.jpg;6.038935;0.5996249;0;3.506133;113.689;97.88609;1.270253;348.7682;0.2241378
C:\Users\rochester\Documents\UDAsity\Windows_Roversim\recorded\IMG\robocam_2017_10_08_23_51_23_234.jpg;9.036368;0.3997959;0;3.525831;113.8957;97.84762;1.194944;349.8617;0.2859389
C:\Users\rochester\Documents\UDAsity\Windows_Roversim\recorded\IMG\robocam_2017_10_08_23_51_23_302.jpg;12.02555;0.200517;0;3.533254;114.1687;97.80827;0.8192099;352.0117;0.4139698
C:\Users\rochester\Documents\UDAsity\Windows_Roversim\recorded\IMG\robocam_2017_10_08_23_51_23_368.jpg;15;0.0001497418;0;3.527511;114.3731;97.79024;0.4822118;353.9392;0.7121311
C:\Users\rochester\Documents\UDAsity\Windows_Roversim\recorded\IMG\robocam_2017_10_08_23_51_23_435.jpg;15;0;0;3.504522;114.5758;97.77977;0.08887254;356.0495;1.103157
C:\Users\rochester\Documents\UDAsity\Windows_Roversim\recorded\IMG\robocam_2017_10_08_23_51_23_502.jpg;15;0;0;3.489219;114.8468;97.77094;359.704;358.7815;1.402328
C:\Users\rochester\Documents\UDAsity\Windows_Roversim\recorded\IMG\robocam_2017_10_08_23_51_23_569.jpg;15;0;0;3.472846;115.0525;97.76924;359.6272;0.8725815;1.404356
C:\Users\rochester\Documents\UDAsity\Windows_Roversim\recorded\IMG\robocam_2017_10_08_23_51_23_635.jpg;15;0;0;3.44741;115.2602;97.77483;359.7426;2.941139;1.231516
C:\Users\rochester\Documents\UDAsity\Windows_Roversim\recorded\IMG\robocam_2017_10_08_23_51_23_702.jpg;13.49315;0;0;3.419213;115.536;97.79915;0.01802311;5.495537;1.062793
C:\Users\rochester\Documents\UDAsity\Windows_Roversim\recorded\IMG\robocam_2017_10_08_23_51_23_768.jpg;10.50835;0;0;3.392385;115.7375;97.82745;0.05705615;7.260216;1.055288
C:\Users\rochester\Documents\UDAsity\Windows_Roversim\recorded\IMG\robocam_2017_10_08_23_51_23_835.jpg;7.504137;0;0;3.378682;115.9363;97.85986;0.006271448;8.738892;1.080124
C:\Users\rochester\Documents\UDAsity\Windows_Roversim\recorded\IMG\robocam_2017_10_08_23_51_23_901.jpg;4.534906;0.1979487;0;3.370415;116.2005;97.90669;359.9608;10.07455;1.07338
C:\Users\rochester\Documents\UDAsity\Windows_Roversim\recorded\IMG\robocam_2017_10_08_23_51_23_968.jpg;1.529618;0.3983012;0;3.368965;116.3995;97.94354;359.9784;10.60851;1.030775
C:\Users\rochester\Documents\UDAsity\Windows_Roversim\recorded\IMG\robocam_2017_10_08_23_51_24_035.jpg;0;0.5985614;0;3.381912;116.5996;97.98097;0.01444959;10.79056;0.9754979
C:\Users\rochester\Documents\UDAsity\Windows_Roversim\recorded\IMG\robocam_2017_10_08_23_51_24_102.jpg;2.996576;0.7983332;0;3.402277;116.8683;98.03369;0.0946191;11.11262;0.9099578
C:\Users\rochester\Documents\UDAsity\Windows_Roversim\recorded\IMG\robocam_2017_10_08_23_51_24_168.jpg;5.998081;0.5982329;0;3.428321;117.071;98.07739;0.1796699;11.73895;0.909979
C:\Users\rochester\Documents\UDAsity\Windows_Roversim\recorded\IMG\robocam_2017_10_08_23_51_24_236.jpg;9.042089;0.395299;0;3.448388;117.2729;98.12509;0.2289094;12.75832;0.9415372
C:\Users\rochester\Documents\UDAsity\Windows_Roversim\recorded\IMG\robocam_2017_10_08_23_51_24_302.jpg;12.02252;0.1966038;0;3.452173;117.5373;98.19676;0.1401755;14.80421;1.036903
C:\Users\rochester\Documents\UDAsity\Windows_Roversim\recorded\IMG\robocam_2017_10_08_23_51_24_369.jpg;9.048557;0;0;3.447896;117.7316;98.25546;359.9532;16.37183;1.124703
C:\Users\rochester\Documents\UDAsity\Windows_Roversim\recorded\IMG\robocam_2017_10_08_23_51_24_435.jpg;12.05462;0;0;3.432804;117.9255;98.31836;359.8655;17.81615;1.162632
C:\Users\rochester\Documents\UDAsity\Windows_Roversim\recorded\IMG\robocam_2017_10_08_23_51_24_502.jpg;15;0;0;3.412366;118.1823;98.41174;359.9378;20.10326;1.159463
C:\Users\rochester\Documents\UDAsity\Windows_Roversim\recorded\IMG\robocam_2017_10_08_23_51_24_569.jpg;15;0;0;3.392778;118.3703;98.49008;0.01654453;22.15353;1.175564
C:\Users\rochester\Documents\UDAsity\Windows_Roversim\recorded\IMG\robocam_2017_10_08_23_51_24_635.jpg;11.98657;0;0.2008952;3.3604;118.5524;98.57236;359.957;24.1794;1.1387
C:\Users\rochester\Documents\UDAsity\Windows_Roversim\recorded\IMG\robocam_2017_10_08_23_51_24_702.jpg;9.001414;0;0.3999058;3.301467;118.7854;98.68744;359.833;26.25013;1.099071
C:\Users\rochester\Documents\UDAsity\Windows_Roversim\recorded\IMG\robocam_2017_10_08_23_51_24_769.jpg;5.991835;0;0.6005444;3.204356;118.9521;98.77324;359.6972;27.37513;0.9830441
C:\Users\rochester\Documents\UDAsity\Windows_Roversim\recorded\IMG\robocam_2017_10_08_23_51_24_835.jpg;2.986084;0;0.8009278;3.061283;119.1114;98.85771;359.5234;28.32541;0.790679
C:\Users\rochester\Documents\UDAsity\Windows_Roversim\recorded\IMG\robocam_2017_10_08_23_51_24_902.jpg;0.01027599;0;0.999315;2.906748;119.3066;98.96254;359.073;28.93456;0.3782094
C:\Users\rochester\Documents\UDAsity\Windows_Roversim\recorded\IMG\robocam_2017_10_08_23_51_24_966.jpg;0;0;1;2.722938;119.4409;99.03504;358.634;29.21888;359.9487
C:\Users\rochester\Documents\UDAsity\Windows_Roversim\recorded\IMG\robocam_2017_10_08_23_51_25_032.jpg;0;0;1;2.58349;119.5667;99.10828;358.2912;29.27153;359.7063
C:\Users\rochester\Documents\UDAsity\Windows_Roversim\recorded\IMG\robocam_2017_10_08_23_51_25_099.jpg;0;0;1;2.402985;119.6872;99.18066;358.0869;29.56062;359.6582
C:\Users\rochester\Documents\UDAsity\Windows_Roversim\recorded\IMG\robocam_2017_10_08_23_51_25_166.jpg;0;0;1;2.284538;119.8414;99.27867;358.1765;30.32846;359.9476
C:\Users\rochester\Documents\UDAsity\Windows_Roversim\recorded\IMG\robocam_2017_10_08_23_51_25_232.jpg;0;0;1;2.16684;119.9538;99.3485;358.4522;30.98846;0.1091145
C:\Users\rochester\Documents\UDAsity\Windows_Roversim\recorded\IMG\robocam_2017_10_08_23_51_25_299.jpg;0;0;1;2.009558;120.0628;99.41357;358.8739;31.31725;0.05493622
C:\Users\rochester\Documents\UDAsity\Windows_Roversim\recorded\IMG\robocam_2017_10_08_23_51_25_366.jpg;0;0;1;1.746166;120.1779;99.48406;358.7854;31.42641;359.9888
C:\Users\rochester\Documents\UDAsity\Windows_Roversim\recorded\IMG\robocam_2017_10_08_23_51_25_432.jpg;0;0;1;1.512444;120.2492;99.52837;358.5277;31.48886;-0.005489816
C:\Users\rochester\Documents\UDAsity\Windows_Roversim\recorded\IMG\robocam_2017_10_08_23_51_25_499.jpg;0;0;1;1.353026;120.3176;99.57072;358.4483;31.57294;0.0004592852
C:\Users\rochester\Documents\UDAsity\Windows_Roversim\recorded\IMG\robocam_2017_10_08_23_51_25_565.jpg;0;0;1;1.253821;120.4043;99.62436;358.6721;31.6688;1.958869E-05
C:\Users\rochester\Documents\UDAsity\Windows_Roversim\recorded\IMG\robocam_2017_10_08_23_51_25_632.jpg;0;0;1;1.071103;120.4576;99.65707;358.7493;31.67237;-0.004273034
C:\Users\rochester\Documents\UDAsity\Windows_Roversim\recorded\IMG\robocam_2017_10_08_23_51_25_699.jpg;0;0;1;0.8015337;120.4965;99.68069;358.5652;31.59105;-0.001358299
C:\Users\rochester\Documents\UDAsity\Windows_Roversim\recorded\IMG\robocam_2017_10_08_23_51_25_769.jpg;0;0;1;0.630424;120.5344;99.70164;358.3423;31.21572;0.00195879
C:\Users\rochester\Documents\UDAsity\Windows_Roversim\recorded\IMG\robocam_2017_10_08_23_51_25_835.jpg;0;0;0;0.3505876;120.5527;99.71047;358.25;31.00321;359.9911
C:\Users\rochester\Documents\UDAsity\Windows_Roversim\recorded\IMG\robocam_2017_10_08_23_51_25_902.jpg;0;0;0;0.3305933;120.5821;99.7257;358.6517;30.76972;-0.005272658
C:\Users\rochester\Documents\UDAsity\Windows_Roversim\recorded\IMG\robocam_2017_10_08_23_51_25_969.jpg;-2.998006;0;0;0.3119343;120.6053;99.73875;359.1664;30.26896;0.009856259
C:\Users\rochester\Documents\UDAsity\Windows_Roversim\recorded\IMG\robocam_2017_10_08_23_51_26_035.jpg;-2.987689;0;0;0.2271993;120.6228;99.74855;359.5187;29.53893;0.02946676
C:\Users\rochester\Documents\UDAsity\Windows_Roversim\recorded\IMG\robocam_2017_10_08_23_51_26_102.jpg;-3.039454;0;0;0.2123832;120.6426;99.75957;359.8707;28.98761;0.06610718
C:\Users\rochester\Documents\UDAsity\Windows_Roversim\recorded\IMG\robocam_2017_10_08_23_51_26_169.jpg;-6.025317;0;0;0.176058;120.651;99.76402;359.9503;27.99195;0.08690251
C:\Users\rochester\Documents\UDAsity\Windows_Roversim\recorded\IMG\robocam_2017_10_08_23_51_26_235.jpg;-9.027878;0;0;0.04071641;120.6514;99.76421;359.8292;26.54768;0.1015484
C:\Users\rochester\Documents\UDAsity\Windows_Roversim\recorded\IMG\robocam_2017_10_08_23_51_26_302.jpg;-12.03378;0;0;0.03445195;120.6515;99.76424;359.6768;23.83707;0.09993682
C:\Users\rochester\Documents\UDAsity\Windows_Roversim\recorded\IMG\robocam_2017_10_08_23_51_26_368.jpg;-15;0;0;0.02862595;120.6515;99.76425;359.5846;21.22198;0.07730195
C:\Users\rochester\Documents\UDAsity\Windows_Roversim\recorded\IMG\robocam_2017_10_08_23_51_26_435.jpg;-15;0;0;0.02116372;120.6516;99.76427;359.513;18.51934;0.04256345
C:\Users\rochester\Documents\UDAsity\Windows_Roversim\recorded\IMG\robocam_2017_10_08_23_51_26_502.jpg;-15;0;0;0.01635139;120.6516;99.7643;359.4464;14.91469;359.9917
C:\Users\rochester\Documents\UDAsity\Windows_Roversim\recorded\IMG\robocam_2017_10_08_23_51_26_570.jpg;-15;0;0;0.01021439;120.6516;99.76431;359.422;12.20907;359.9606
C:\Users\rochester\Documents\UDAsity\Windows_Roversim\recorded\IMG\robocam_2017_10_08_23_51_26_635.jpg;-13.53273;0;0;0;120.6516;99.76432;359.4154;9.590462;359.9361
C:\Users\rochester\Documents\UDAsity\Windows_Roversim\recorded\IMG\robocam_2017_10_08_23_51_26_702.jpg;-10.53541;0;0;0;120.6516;99.76432;359.4279;6.876839;359.9189
C:\Users\rochester\Documents\UDAsity\Windows_Roversim\recorded\IMG\robocam_2017_10_08_23_51_26_769.jpg;-7.534057;0;0;0;120.6516;99.76432;359.4492;5.430145;359.9161
C:\Users\rochester\Documents\UDAsity\Windows_Roversim\recorded\IMG\robocam_2017_10_08_23_51_26_835.jpg;-4.522565;0;0;0;120.6517;99.76432;359.4787;4.433952;359.9197
C:\Users\rochester\Documents\UDAsity\Windows_Roversim\recorded\IMG\robocam_2017_10_08_23_51_26_903.jpg;-1.523568;0;0;-0.01013736;120.6519;99.76432;359.5317;3.888634;359.9341
C:\Users\rochester\Documents\UDAsity\Windows_Roversim\recorded\IMG\robocam_2017_10_08_23_51_26_968.jpg;0;0;0.1998304;-0.01156097;120.6519;99.76431;359.576;3.888618;359.949
C:\Users\rochester\Documents\UDAsity\Windows_Roversim\recorded\IMG\robocam_2017_10_08_23_51_27_034.jpg;0;0;0.3995391;-0.01495574;120.6519;99.76431;359.6241;3.888626;359.9636
C:\Users\rochester\Documents\UDAsity\Windows_Roversim\recorded\IMG\robocam_2017_10_08_23_51_27_102.jpg;0;0;0.5990337;-0.01597708;120.6518;99.76429;359.6937;3.888634;359.9822
C:\Users\rochester\Documents\UDAsity\Windows_Roversim\recorded\IMG\robocam_2017_10_08_23_51_27_169.jpg;0;0;0.8002105;-0.01662705;120.6518;99.76428;359.7485;3.888641;-0.004738502
C:\Users\rochester\Documents\UDAsity\Windows_Roversim\recorded\IMG\robocam_2017_10_08_23_51_27_234.jpg;0;0;0.9988764;-0.01693953;120.6518;99.76427;359.8042;3.888641;0.007237869
C:\Users\rochester\Documents\UDAsity\Windows_Roversim\recorded\IMG\robocam_2017_10_08_23_51_27_302.jpg;0;0;1;-0.01678407;120.6518;99.76427;359.8777;3.888634;0.02132419
C:\Users\rochester\Documents\UDAsity\Windows_Roversim\recorded\IMG\robocam_2017_10_08_23_51_27_369.jpg;0;0;1;-0.01632376;120.6517;99.76427;359.9312;3.888626;0.03033281
C:\Users\rochester\Documents\UDAsity\Windows_Roversim\recorded\IMG\robocam_2017_10_08_23_51_27_435.jpg;0;0;1;-0.01528946;120.6517;99.76426;359.982;3.888641;0.03792937
C:\Users\rochester\Documents\UDAsity\Windows_Roversim\recorded\IMG\robocam_2017_10_08_23_51_27_502.jpg;0;0;1;-0.01424306;120.6517;99.76425;0.04443813;3.888618;0.04580796
C:\Users\rochester\Documents\UDAsity\Windows_Roversim\recorded\IMG\robocam_2017_10_08_23_51_27_568.jpg;0;0;1;-0.01300545;120.6517;99.76425;0.08645144;3.888626;0.05003644
C:\Users\rochester\Documents\UDAsity\Windows_Roversim\recorded\IMG\robocam_2017_10_08_23_51_27_635.jpg;0;0;1;-0.0111241;120.6516;99.76424;0.1237546;3.888618;0.05286395
C:\Users\rochester\Documents\UDAsity\Windows_Roversim\recorded\IMG\robocam_2017_10_08_23_51_27_702.jpg;0;0;1;0;120.6516;99.76424;0.1655351;3.888611;0.05457043
C:\Users\rochester\Documents\UDAsity\Windows_Roversim\recorded\IMG\robocam_2017_10_08_23_51_27_769.jpg;0;0;1;0;120.6516;99.76424;0.1906065;3.888611;0.05441839
C:\Users\rochester\Documents\UDAsity\Windows_Roversim\recorded\IMG\robocam_2017_10_08_23_51_27_835.jpg;0;0;1;0;120.6516;99.76424;0.2101969;3.888611;0.05315904
C:\Users\rochester\Documents\UDAsity\Windows_Roversim\recorded\IMG\robocam_2017_10_08_23_51_27_902.jpg;0;0;1;0;120.6516;99.76424;0.2278448;3.888611;0.04997134
C:\Users\rochester\Documents\UDAsity\Windows_Roversim\recorded\IMG\robocam_2017_10_08_23_51_27_969.jpg;0;0;1;0;120.6516;99.76425;0.2349095;3.888611;0.04662302
C:\Users\rochester\Documents\UDAsity\Windows_Roversim\recorded\IMG\robocam_2017_10_08_23_51_28_035.jpg;0;0;1;0;120.6516;99.76425;0.2369514;3.888618;0.04260745
C:\Users\rochester\Documents\UDAsity\Windows_Roversim\recorded\IMG\robocam_2017_10_08_23_51_28_103.jpg;0;0;1;0;120.6516;99.76425;0.2324352;3.888618;0.03646059
C:\Users\rochester\Documents\UDAsity\Windows_Roversim\recorded\IMG\robocam_2017_10_08_23_51_28_169.jpg;1.500312;0;1;0;120.6516;99.76425;0.224139;3.888611;0.03143534
C:\Users\rochester\Documents\UDAsity\Windows_Roversim\recorded\IMG\robocam_2017_10_08_23_51_28_234.jpg;0;0;0;0;120.6516;99.76426;0.2122898;4.246574;0.0249752
C:\Users\rochester\Documents\UDAsity\Windows_Roversim\recorded\IMG\robocam_2017_10_08_23_51_28_302.jpg;0;0;0;0;120.6516;99.76427;0.1913515;4.246574;0.01816538
C:\Users\rochester\Documents\UDAsity\Windows_Roversim\recorded\IMG\robocam_2017_10_08_23_51_28_369.jpg;0;0;0;0;120.6516;99.76427;0.1726682;4.246574;0.0131301
C:\Users\rochester\Documents\UDAsity\Windows_Roversim\recorded\IMG\robocam_2017_10_08_23_51_28_435.jpg;0;0;0;0;120.6516;99.76427;0.1520306;4.246574;0.008266131
C:\Users\rochester\Documents\UDAsity\Windows_Roversim\recorded\IMG\robocam_2017_10_08_23_51_28_502.jpg;0;0;0;0;120.6516;99.76428;0.122403;4.246574;0.002191968
C:\Users\rochester\Documents\UDAsity\Windows_Roversim\recorded\IMG\robocam_2017_10_08_23_51_28_569.jpg;0;0;0;0;120.6517;99.76428;0.09927674;4.246574;-0.001963805
C:\Users\rochester\Documents\UDAsity\Windows_Roversim\recorded\IMG\robocam_2017_10_08_23_51_28_635.jpg;0;0;0;0;120.6517;99.76428;0.07592854;4.246567;-0.005715345
C:\Users\rochester\Documents\UDAsity\Windows_Roversim\recorded\IMG\robocam_2017_10_08_23_51_28_702.jpg;1.501918;0;0;0;120.6517;99.76429;0.04521941;4.426834;359.9898
C:\Users\rochester\Documents\UDAsity\Windows_Roversim\recorded\IMG\robocam_2017_10_08_23_51_28_769.jpg;4.506679;0;0;0;120.6517;99.76428;0.0229301;5.148369;359.987
C:\Users\rochester\Documents\UDAsity\Windows_Roversim\recorded\IMG\robocam_2017_10_08_23_51_28_835.jpg;7.511021;0;0;0;120.6517;99.76429;0.001660436;6.319733;359.9852
C:\Users\rochester\Documents\UDAsity\Windows_Roversim\recorded\IMG\robocam_2017_10_08_23_51_28_903.jpg;10.50133;0;0;0;120.6517;99.76429;359.9754;8.660934;359.985
C:\Users\rochester\Documents\UDAsity\Windows_Roversim\recorded\IMG\robocam_2017_10_08_23_51_28_969.jpg;13.51619;0;0;0;120.6517;99.76429;359.9579;11.00367;359.9869
C:\Users\rochester\Documents\UDAsity\Windows_Roversim\recorded\IMG\robocam_2017_10_08_23_51_29_035.jpg;15;0;0;0;120.6517;99.7643;359.9424;13.70362;359.9906
C:\Users\rochester\Documents\UDAsity\Windows_Roversim\recorded\IMG\robocam_2017_10_08_23_51_29_103.jpg;15;0;0;0;120.6517;99.76429;359.9258;17.3036;-0.002888225
C:\Users\rochester\Documents\UDAsity\Windows_Roversim\recorded\IMG\robocam_2017_10_08_23_51_29_170.jpg;15;0;0;0;120.6517;99.76429;359.9163;20.00359;0.002758645
C:\Users\rochester\Documents\UDAsity\Windows_Roversim\recorded\IMG\robocam_2017_10_08_23_51_29_235.jpg;15;0.1006984;0;0;120.6518;99.76446;359.9128;21.78161;0.009742411
C:\Users\rochester\Documents\UDAsity\Windows_Roversim\recorded\IMG\robocam_2017_10_08_23_51_29_302.jpg;12.01728;0.2995462;0;0;120.653;99.76517;359.9363;21.80356;0.01567313
C:\Users\rochester\Documents\UDAsity\Windows_Roversim\recorded\IMG\robocam_2017_10_08_23_51_29_369.jpg;9.008761;0.5001143;0;0.03330981;120.6559;99.76658;0.0005631287;21.83162;0.02111292
C:\Users\rochester\Documents\UDAsity\Windows_Roversim\recorded\IMG\robocam_2017_10_08_23_51_29_434.jpg;6.022041;0.699229;0;0.06454707;120.6608;99.76885;0.1073018;21.84296;0.02647561
C:\Users\rochester\Documents\UDAsity\Windows_Roversim\recorded\IMG\robocam_2017_10_08_23_51_29_502.jpg;3.020734;0.8993161;0;0.09854375;120.6718;99.77362;0.3348232;21.77407;0.03254965
C:\Users\rochester\Documents\UDAsity\Windows_Roversim\recorded\IMG\robocam_2017_10_08_23_51_29_568.jpg;0.02554391;1;0;0.133937;120.6841;99.77834;0.5587471;21.77856;0.007596733
C:\Users\rochester\Documents\UDAsity\Windows_Roversim\recorded\IMG\robocam_2017_10_08_23_51_29_635.jpg;0;1;0;0.2108465;120.7001;99.78493;0.8233017;21.81044;359.9927
C:\Users\rochester\Documents\UDAsity\Windows_Roversim\recorded\IMG\robocam_2017_10_08_23_51_29_702.jpg;0;1;0;0.2691295;120.7267;99.7957;1.204135;21.93384;-0.002872889
C:\Users\rochester\Documents\UDAsity\Windows_Roversim\recorded\IMG\robocam_2017_10_08_23_51_29_769.jpg;0;1;0;0.3060043;120.747;99.80374;1.339171;21.95571;-0.003910657
C:\Users\rochester\Documents\UDAsity\Windows_Roversim\recorded\IMG\robocam_2017_10_08_23_51_29_835.jpg;0;1;0;0.4043176;120.7665;99.81154;1.20908;21.94032;-0.001118426
C:\Users\rochester\Documents\UDAsity\Windows_Roversim\recorded\IMG\robocam_2017_10_08_23_51_29_902.jpg;0;1;0;0.4452308;120.7976;99.82391;1.065971;22.00745;-0.0003499477
C:\Users\rochester\Documents\UDAsity\Windows_Roversim\recorded\IMG\robocam_2017_10_08_23_51_29_969.jpg;0;1;0;0.4953316;120.8263;99.83538;1.062447;22.04629;-0.001137529
C:\Users\rochester\Documents\UDAsity\Windows_Roversim\recorded\IMG\robocam_2017_10_08_23_51_30_035.jpg;0;1;0;0.5629224;120.8582;99.84825;1.106313;22.13834;3.228933E-05
C:\Users\rochester\Documents\UDAsity\Windows_Roversim\recorded\IMG\robocam_2017_10_08_23_51_30_102.jpg;0;1;0;0.6125898;120.9059;99.86747;1.223415;22.038;0.001374569
C:\Users\rochester\Documents\UDAsity\Windows_Roversim\recorded\IMG\robocam_2017_10_08_23_51_30_169.jpg;0;1;0;0.6504794;120.9433;99.88251;1.243469;21.95063;-0.0002237414
C:\Users\rochester\Documents\UDAsity\Windows_Roversim\recorded\IMG\robocam_2017_10_08_23_51_30_235.jpg;0;1;0;0.7143484;120.9831;99.89847;1.224306;21.97802;-0.001045524
C:\Users\rochester\Documents\UDAsity\Windows_Roversim\recorded\IMG\robocam_2017_10_08_23_51_30_302.jpg;0;1;0;0.7724227;121.0404;99.92126;1.18548;21.93745;0.0001540858
C:\Users\rochester\Documents\UDAsity\Windows_Roversim\recorded\IMG\robocam_2017_10_08_23_51_30_369.jpg;0;1;0;0.8202627;121.0872;99.9399;1.198519;21.96841;-0.0006336386
C:\Users\rochester\Documents\UDAsity\Windows_Roversim\recorded\IMG\robocam_2017_10_08_23_51_30_435.jpg;0;1;0;0.8868619;121.1372;99.95987;1.224275;21.91025;-0.0004476396
C:\Users\rochester\Documents\UDAsity\Windows_Roversim\recorded\IMG\robocam_2017_10_08_23_51_30_503.jpg;0;1;0;0.9417894;121.2081;99.98808;1.239066;21.88864;-0.0006844061
C:\Users\rochester\Documents\UDAsity\Windows_Roversim\recorded\IMG\robocam_2017_10_08_23_51_30_569.jpg;0;1;0;0.9900633;121.264;100.0103;1.229288;21.89407;-0.00107264
C:\Users\rochester\Documents\UDAsity\Windows_Roversim\recorded\IMG\robocam_2017_10_08_23_51_30_635.jpg;0;1;0;1.054229;121.3223;100.0335;1.208606;21.86791;-1.93743E-05
C:\Users\rochester\Documents\UDAsity\Windows_Roversim\recorded\IMG\robocam_2017_10_08_23_51_30_703.jpg;0;1;0;1.095401;121.4048;100.0663;1.221217;21.89045;-0.0008522596
C:\Users\rochester\Documents\UDAsity\Windows_Roversim\recorded\IMG\robocam_2017_10_08_23_51_30_769.jpg;0;1;0;1.143543;121.4695;100.0919;1.221976;21.86882;-0.0006181659
C:\Users\rochester\Documents\UDAsity\Windows_Roversim\recorded\IMG\robocam_2017_10_08_23_51_30_835.jpg;0;1;0;1.207981;121.5369;100.1187;1.229046;21.83302;-0.0007045254
C:\Users\rochester\Documents\UDAsity\Windows_Roversim\recorded\IMG\robocam_2017_10_08_23_51_30_902.jpg;0;1;0;1.25254;121.6309;100.156;1.233573;21.80065;-0.0007105576
C:\Users\rochester\Documents\UDAsity\Windows_Roversim\recorded\IMG\robocam_2017_10_08_23_51_30_969.jpg;0;1;0;1.301309;121.7045;100.1851;1.234897;21.77974;-0.0007039398
C:\Users\rochester\Documents\UDAsity\Windows_Roversim\recorded\IMG\robocam_2017_10_08_23_51_31_035.jpg;0;1;0;1.366047;121.7808;100.2152;1.240648;21.75851;-0.0008431391
C:\Users\rochester\Documents\UDAsity\Windows_Roversim\recorded\IMG\robocam_2017_10_08_23_51_31_102.jpg;0;0.7991958;0;1.410362;121.8862;100.2569;1.242943;21.73499;-0.0008750037
C:\Users\rochester\Documents\UDAsity\Windows_Roversim\recorded\IMG\robocam_2017_10_08_23_51_31_166.jpg;0;0.5991219;0;1.445801;121.9674;100.2889;1.239219;21.72665;-0.0005386436
C:\Users\rochester\Documents\UDAsity\Windows_Roversim\recorded\IMG\robocam_2017_10_08_23_51_31_232.jpg;0;0.3982677;0;1.478813;122.0499;100.3214;1.23321;21.71893;-0.0004136424
C:\Users\rochester\Documents\UDAsity\Windows_Roversim\recorded\IMG\robocam_2017_10_08_23_51_31_302.jpg;2.8798;0.206281;0;1.491913;122.1599;100.366;1.19282;21.91631;0.01042454
C:\Users\rochester\Documents\UDAsity\Windows_Roversim\recorded\IMG\robocam_2017_10_08_23_51_31_368.jpg;5.968117;0.000393264;0;1.495973;122.2409;100.4014;1.116666;22.36577;0.0546647
C:\Users\rochester\Documents\UDAsity\Windows_Roversim\recorded\IMG\robocam_2017_10_08_23_51_31_435.jpg;8.969401;0;0;1.488844;122.3199;100.4383;0.9956934;23.05986;0.1338171
C:\Users\rochester\Documents\UDAsity\Windows_Roversim\recorded\IMG\robocam_2017_10_08_23_51_31_502.jpg;11.97216;0;0;1.481642;122.4219;100.4907;0.773639;24.37939;0.3041129
C:\Users\rochester\Documents\UDAsity\Windows_Roversim\recorded\IMG\robocam_2017_10_08_23_51_31_568.jpg;14.97514;0;0;1.473501;122.4955;100.5325;0.5694814;25.64286;0.481515
C:\Users\rochester\Documents\UDAsity\Windows_Roversim\recorded\IMG\robocam_2017_10_08_23_51_31_635.jpg;15;0;0;1.462345;122.5672;100.576;0.3456328;26.99208;0.6809177
C:\Users\rochester\Documents\UDAsity\Windows_Roversim\recorded\IMG\robocam_2017_10_08_23_51_31_703.jpg;15;0.100606;0;1.455315;122.6604;100.636;0.03708254;28.78575;0.9598018
C:\Users\rochester\Documents\UDAsity\Windows_Roversim\recorded\IMG\robocam_2017_10_08_23_51_31_766.jpg;15;0.2959778;0;1.453372;122.7303;100.6829;359.8677;30.10479;1.133116
C:\Users\rochester\Documents\UDAsity\Windows_Roversim\recorded\IMG\robocam_2017_10_08_23_51_31_836.jpg;15;0.4945249;0;1.46339;122.8036;100.7318;359.8988;31.30328;1.143437
C:\Users\rochester\Documents\UDAsity\Windows_Roversim\recorded\IMG\robocam_2017_10_08_23_51_31_902.jpg;15;0.7064847;0;1.488361;122.9015;100.8033;0.0695604;33.12115;1.067829
C:\Users\rochester\Documents\UDAsity\Windows_Roversim\recorded\IMG\robocam_2017_10_08_23_51_31_969.jpg;15;0.9008694;0;1.512046;122.9734;100.8606;0.1315912;34.61157;0.9943784
C:\Users\rochester\Documents\UDAsity\Windows_Roversim\recorded\IMG\robocam_2017_10_08_23_51_32_035.jpg;15;0.8978364;0;1.567807;123.0457;100.9217;0.1953082;36.13572;0.9236945
C:\Users\rochester\Documents\UDAsity\Windows_Roversim\recorded\IMG\robocam_2017_10_08_23_51_32_102.jpg;13.47751;0.6988097;0;1.604455;123.1424;101.0081;0.2839064;38.13911;0.8334704
C:\Users\rochester\Documents\UDAsity\Windows_Roversim\recorded\IMG\robocam_2017_10_08_23_51_32_169.jpg;10.48564;0.700385;0;1.634894;123.2159;101.0751;0.3498736;39.38404;0.7452455
C:\Users\rochester\Documents\UDAsity\Windows_Roversim\recorded\IMG\robocam_2017_10_08_23_51_32_235.jpg;7.488803;0.9001743;0;1.679399;123.2909;101.1445;0.4488144;40.38226;0.6557418
C:\Users\rochester\Documents\UDAsity\Windows_Roversim\recorded\IMG\robocam_2017_10_08_23_51_32_303.jpg;4.476255;1;0;1.722385;123.3952;101.2401;0.6432256;41.26806;0.5008661
C:\Users\rochester\Documents\UDAsity\Windows_Roversim\recorded\IMG\robocam_2017_10_08_23_51_32_369.jpg;1.490107;1;0;1.766767;123.4769;101.3138;0.8214003;41.59143;0.3461903
C:\Users\rochester\Documents\UDAsity\Windows_Roversim\recorded\IMG\robocam_2017_10_08_23_51_32_435.jpg;0;1;0;1.82609;123.5617;101.3889;1.034212;41.64754;0.1741218
C:\Users\rochester\Documents\UDAsity\Windows_Roversim\recorded\IMG\robocam_2017_10_08_23_51_32_503.jpg;0;1;0;1.869657;123.6775;101.492;1.31483;41.64983;359.9764
C:\Users\rochester\Documents\UDAsity\Windows_Roversim\recorded\IMG\robocam_2017_10_08_23_51_32_569.jpg;0;1;0;1.913688;123.763;101.5709;1.351482;41.67861;-0.005701325
C:\Users\rochester\Documents\UDAsity\Windows_Roversim\recorded\IMG\robocam_2017_10_08_23_51_32_635.jpg;0;1;0;1.98127;123.8508;101.6494;1.288253;41.62286;-0.0009199602
C:\Users\rochester\Documents\UDAsity\Windows_Roversim\recorded\IMG\robocam_2017_10_08_23_51_32_703.jpg;0;1;0;2.02668;123.9725;101.757;1.265553;41.60456;-0.0007603642
C:\Users\rochester\Documents\UDAsity\Windows_Roversim\recorded\IMG\robocam_2017_10_08_23_51_32_770.jpg;0;1;0;2.070229;124.0667;101.8401;1.293412;41.59267;-0.0007013936
C:\Users\rochester\Documents\UDAsity\Windows_Roversim\recorded\IMG\robocam_2017_10_08_23_51_32_835.jpg;0;1;0;2.127472;124.1629;101.9248;1.320144;41.57978;-0.001213962
C:\Users\rochester\Documents\UDAsity\Windows_Roversim\recorded\IMG\robocam_2017_10_08_23_51_32_902.jpg;0;1;0;2.172686;124.2939;102.04;1.311925;41.5613;-0.001175581
C:\Users\rochester\Documents\UDAsity\Windows_Roversim\recorded\IMG\robocam_2017_10_08_23_51_32_969.jpg;0;1;0;2.217879;124.3945;102.1285;1.310083;41.54958;-0.0007755893
C:\Users\rochester\Documents\UDAsity\Windows_Roversim\recorded\IMG\robocam_2017_10_08_23_51_33_035.jpg;0;1;0;2.276009;124.4972;102.2188;1.319749;41.53582;-0.001230935
C:\Users\rochester\Documents\UDAsity\Windows_Roversim\recorded\IMG\robocam_2017_10_08_23_51_33_103.jpg;0;1;0;2.319995;124.6372;102.3418;1.324173;41.52029;-0.00124807
C:\Users\rochester\Documents\UDAsity\Windows_Roversim\recorded\IMG\robocam_2017_10_08_23_51_33_169.jpg;1.51129;1;0;2.363038;124.7442;102.4362;1.321434;41.58305;-0.00183007
C:\Users\rochester\Documents\UDAsity\Windows_Roversim\recorded\IMG\robocam_2017_10_08_23_51_33_234.jpg;4.473481;1;0;2.42099;124.852;102.5337;1.322292;41.90924;-0.003407571
C:\Users\rochester\Documents\UDAsity\Windows_Roversim\recorded\IMG\robocam_2017_10_08_23_51_33_303.jpg;7.494433;1;0;2.462643;124.9951;102.6698;1.31382;42.92926;0.03273049
C:\Users\rochester\Documents\UDAsity\Windows_Roversim\recorded\IMG\robocam_2017_10_08_23_51_33_369.jpg;10.47724;1;0;2.50276;125.1007;102.7766;1.267021;44.14025;0.08678645
C:\Users\rochester\Documents\UDAsity\Windows_Roversim\recorded\IMG\robocam_2017_10_08_23_51_33_435.jpg;13.47324;1;0;2.555474;125.2035;102.8881;1.16923;45.7283;0.1740547
